ID,Organization Name,Contact Person,Email,Phone,Addr 1,Addr 2,City,State,Zip,URL,Internal Only,Database Versions Supported,Application Versions Supported,BAS Offshore Assignee,Active,Is Hosted,Note
1,"TriCore Solutions, LLC",,,617-786-9210,100 Newport Avenue Extension,,Quincy,MA,2171,www.tricoresolutions.com,FALSE,,,,1,No,"Directions TriCore Solutions, LLC (Oracle Partner of the Year in the East) Corporate Office: 1"
3,Ciner Resources Corporation,Sandeep Kudrimoti,SKudrimoti@OCIChemical.com,"770-261-0380 (W), 770-261-0398 (F)","1800 West Oak Commons Court, Suite 100",,Marietta,GA,30062,http://ocichemical.com,TRUE,,,mmishra,1,No,
4,EMS (Engineered Materials Solutions),,,(508)342-2438,39 Perry Avenue,PO Box 2410,Attleboro,MA,2703,http://emsclad.com,TRUE,,,ajbajpai,1,Fully,"Applications R12, SQL server, Hosted OS, Noetix"
6,International Power,,,(508) 382-9364,"62 Forest Street, Suite 102",,Marlborough,MA,1752,http://ipplc.com/,TRUE,,,,0,No,9i Database Gold Service Oracle RAC Oracle Standby
7,National Dentex Corp,,,(508) 358-4422,526 Boston Post Road,,Wayland,MA,1778,www.nationaldentex.com,TRUE,,,,0,No,Applications Gold Support Customer Oracle Portal Linux Support added 4/13/2009
8,TJX,,,,,,,,,http://tjmaxx.com/,TRUE,,,,0,No,
11,Network Health,Shani Gentry-Cincotti,Shani.Gentry-Cincotti@network-health.org,781.393.3562,101 Station Landing - 4th Floor,,Medford,MA,2155,www.network-health.org,TRUE,,,,0,No,
13,Alkermes Inc,Brenda Hourihan,Brenda.Hourihan@Alkermes.com,B:617-250-1648 C:617-512-3224,88 Sidney Street,,Cambridge,MA,2139,http://alkermes.com,TRUE,,,,0,No,Application 11i Gold Primary DBA Michael Long C:508-328-6637
14,Delta,,,(603)889-8899,80 Northwest Blvd.,P.O. Box 3000,Nashua,NH,03061-3000,http://delta-edu.com,TRUE,,,,0,No,Applications 11.0 and DB Gold
15,Aavid Thermalloy,,,(603) 224-9988,80 Commercial st.,,Concord,NH,3301,http://aavidthermalloy.com,TRUE,,,ajbajpai,1,No,North America - Visibility China - Applications 11.0 Italy - Applications 11.0
17,Ferrotec,Rob Blinn,rblinn@ferrotec.com,603-472-6430,33 Constitution Drive,,Bedford,NH,3110,www.ferrotec.com,TRUE,,,ajbajpai,1,No,
20,Orvis,,,802-362-1300,RT-7A,,Manchester,VT,5255,http://orvis.com,TRUE,,,,0,No,Applications 11i and Database Gold Service
21,Champion Exposition Services,,,508-946-8500,139 Campanelli Drive,,Middleboro,MA,2346,www.championexpo.com,TRUE,,,,0,No,
22,LoadSpring,,,(978) 685-9715,"15 Union Street, #401",,Lawrence,MA,1840,www.loadspring.com,TRUE,,,,0,No,Lights On DBA services
23,"Gartner, Inc.",,,203 964 0096,56 Top Gallant Road,,Stamford,CT,6904,http://gartnergroup.com,TRUE,,,,0,No,SQL Server Gold 24x7 DBA Services Oracle 11i EBS Implementation Support
27,HealthAlliance,,,"978 466 2000, helpdesk 978 466 2080",60 Hospital Road,,Leominster,MA,1453,http://ummhc.org/ummhc/hospitals/alliance/index.cfm,TRUE,,,,1,No,
29,NetScout Systems Inc,,,(978) 614-4000; 1-888-999-5946,310 Littleton Road,,Westford,MA,01886-4105,http://netscout.com,TRUE,,,,1,No,11i EBS Implementation and Production Support
33,Sten-Tel,,,(413) 747-4262,1 Monarch Place,,Springfield,MA,1144,http://sten-tel.com/,TRUE,,,,0,No,
36,Kopin Corporation,Michelle Aucoin,michelle_aucoin@kopin.com,508.824.6696,200 John Hancock Road,,Taunton,MA,2780,www.kopin.com,TRUE,,,mmishra,1,No,Applications and Tech DBA Gold Support Oracle 11.0 / 8i on Sun Primary PDBA Ramani Tadimeti <
39,Granite Telecommunications,,,,234 Copeland Street,,Quincy,MA,2169,http://granitenet.com/,TRUE,,,,0,No,
40,SynQor,Adam Ewing,aewing@synqor.com,(c)978-844-4067 | (w) 978-849-0600,155 Swanson Road,,Boxborough,MA,1719,http://synqor.com,TRUE,,11.5.9,ajbajpai,1,No,
49,NaviMedix,,,(617) 715-6000,8 Cambridge Center,,Cambridge,MA,2142,http://navimedix.com,TRUE,,,,0,No,
50,Andrew,,,,,,,,,http://andrew.com,TRUE,,,,0,No,
52,"Crossbeam Systems, Inc.",,,(978) 318-7500,200 Baker Ave.,,Concord,MA,1742,www.crossbeamsys.com,TRUE,,,,0,No,
53,Color Kinetics (Phillips),,,617.423.9999,3 Burlington Woods Drive,,Burlington,MA,1803,http://colorkinetics.com/,TRUE,,,,0,No,CSI 15367300
54,ACT,,,,,,,,,http://act-electronics.com,TRUE,,,,0,No,
55,American BioPhysics,,,,,,,,,http://ambiocorp.com,TRUE,,,,0,No,
56,Yankee Candle,,,,,,,,,http://yankeecandle.com,TRUE,,,,0,No,
57,Grand Circle Corporation,Santhan Shanmugaratnam,SShanmugaratnam@gct.com,617-346-6340,Grand Circle Corporation,347 Congress St.,Boston,MA,2210,http://gct.com/gcc/general/,TRUE,,,,1,No,OLAP & OLTP enviornment
60,Retail Brand Alliance,,,,,,,,,www.retailbrandalliance.com,TRUE,,,,0,No,
61,Vicor Corporation,,,800-735-6200,25 Frontage Road,,Andover,MA,01810-5413,http://vicr.com,TRUE,,,,1,No,
62,Siemens,,,,,,,,,http://siemens.com,TRUE,,,,0,No,Customer has migrated off of Oracle EBS. Access disabled mid-Apr-11. Customer may need access to t
63,TNT,,,,,,,,,http://transnationalgroup.com,TRUE,,,,0,No,
64,Siemon Company,,,860-945-8555 (O); 877-865-7473 (P),,,,,,www.siemon.com,TRUE,,,sukumar,1,No,Help Desk Info above: General Help Desk Email: help_desk@siemon.com
65,iSpatial,,,,,,,,,http://ispatialtech.com,TRUE,,,,0,No,
66,Atrium Medical Corporation,Robert Kuechler (Alias Bob),RKuechler@atriummed.com,"603-880-1433x5142 O 603-370-7075 C, 603-887-2417 R",5 Wentworth Drive,,Hudson,NH,3051,http://atriummed.com/Contact.asp,TRUE,,,ajbajpai,1,No,
67,Kadant Web Systems,,,508-791-8171,35 Sword Street,PO Box 269,Auburn,MA,1501,http://kadantwebsys.com,TRUE,,,,0,No,Oracle Applications account hosted on MS Windows Servers
68,A123 Systems,,,,,,,,,http://a123systems.com,TRUE,11gR2,"EBS 11.5.10.2, Discoverer 11g",sukumar,1,Fully,
69,IST,,,,,,,,,http://istspine.com,TRUE,,,,0,No,
70,Oracle,,,,,,,,,http://oracle.com,TRUE,,,,0,No,
71,Norfolk,,,1-800-688-1825,222 Ames Street,,Dedham,MA,2026,http://ndgroup.com,TRUE,,,,1,No,Industry: Insurance Transition Start: 12/28/06 Service Start Date: 1/15/07 US Primary: Kishore; S
72,TriCore Test Org,,,,,,,,,http://www.yahoo.com,TRUE,,,,1,No,
73,CFG (Cumberland Farms),,,781-828-4900 (Main); 781-828-9012 (fax),777 Dedham Street,,Canton,MA,2021,http://cumberlandfarms.com,TRUE,,,mmishra,1,No,"Hosted @ Vericenter Ebusiness Gold inclusive of Apps, FHD, DBA, and OS."
75,IMS Health Incorporated,,,610-238-4061,660 West Germantown Pike,,Plymouth Meeting,PA,19462,http://imshealth.com,TRUE,,,,0,No,"Primary Tricore DBA: Tejinder Sammi Primary Technical Coordinator at IMS: Bruce Lucarelli, 610-23"
76,Bridgewater State College,,,,,,,,,http://bridgew.edu,TRUE,,,,1,No,
77,Massachusetts Business Association LLC,,,781-228-2178,135 Wood Road,,Braintree,MA,2184,http://mbagroup.com/,TRUE,,,,0,No,Paul Etherington Director of Information Technology Massachusetts Business Association LLC 135
78,ROI Solutions,,,781-396-8787,"196 Boston Ave, Ste 3000",,Medford,MA,2155,http://roisolutions.com/,TRUE,,,,0,No,Simon Nelson 781-396-8787 x106 snelson@roisolutions.com Gina VanderLoop 781-396-8787 x100 g
79,Power Play Development,,,508-405-2224,"2 Watson Place, Bldg. 3 2nd floor",,Framingham,ma,1701,www.nlop.com,TRUE,,,,0,No,Contact: Todd Wildman 508-405-2224 x225
81,"Antigenics (Agenus, Inc.)",,,,,,,,,http://antigenics.com,TRUE,,,,1,No,
82,Puma North America Inc,,,978-698-1129,5 Lyberty Way,,Westford,MA,1886,www.puma.com,TRUE,,,,1,No,Karen King KAREN.KING@PUMA.com 978-698-1129 Fax 978-698-1150
83,PHT,Ariel Mina,amina@phtcorp.com,617-973-1730 O| 617-821-7266 C,500 Rutherford Ave,,Charlestown,MA,,http://phtcorp.com/about/locations/,TRUE,,,,1,No,"Ariel Mina, Sys. Project Manager, 617-973-1730 Lisa Anne Markel, MS VP, Technical Operations, 617-9"
84,Cybex International,,,508-533-4300,10 Trotter Drive,,Medway,Ma,2053,www.cybexintl.com,TRUE,,,,1,No,"John Wigginton, VP Information Technology 774-324-8273"
85,Meridian,,,,,,,,,http://meridianits.com,TRUE,,,,0,No,Test Organization for Darren w/ Microsoft Exchange
86,RoadScholar (Elderhostel),John McCarthy,john.mccarthy@roadscholar.org,617-457-5400,11 Avenue de Lafayette,,Boston,MA,,www.elderhostel.org,TRUE,Oracle Database 11g R2 (11.2.0.4),,,1,No,"John McCarthy 617-457-5484, cell:781-363-1312 Paul McGonagle 617-699-8301, cell: 617-773-9305 Ste"
87,IMMI,,,(317) 896-9531,18881 US 31 North,PO Box 408,Westfield,IN,46074,www.imminet.com,TRUE,,,ajbajpai,1,No,GOLD 24x7 Ebusiness Apps/Tech DBA + Functional Help Desk
88,ManageForce,,,877-351-4491,1502 W. Jackson Blvd.,,Chicago,IL,60607,www.manageforce.com,TRUE,,,,0,No,"John Hughes, President & Founder jhughes@manageforce.com 312-214-8137"
89,Massachusetts General Hospital,,,,,,,,,http://massgeneral.org,TRUE,,,,0,No,Pam Lodge (MGH) Agnes Tracey Frank Barmante
91,BUXTON,,,413-734-5900,45 Plainfield Street,,Chicopee,Ma,1013,www.buxton-dopp.com,TRUE,,,,0,No,"Joanne Berwald, VP Operations 413-734-5900 ext. 293 Raymond Tellier, VP IS 413-734-5900 ext. 312"
92,Brigham and Womans Hospital,,,,Francis Street,,Boston,Ma,,http://partners.org,TRUE,,,,0,No,Marj Parker Neil Herring Marsha Gilbert PDBA: Kishore
93,Microbia/Ironwood Pharmaceuticals,,,617-621-8391,320 Bent Street,,Cambridge,Ma,2141,www.microbia.com,TRUE,,,,0,No,"Kevin Durfee, Director, IT, 617-621-8391"
94,JAMES W. SEWALL COMPANY,,,207-827- 4456,136 Center Street,PO Box 433,Old Town,ME,04468-0433,www.jws.com,TRUE,,,,0,No,"Joseph Brown, Senior Database Administrator, broj@jws.com Jon Everett, Systems Admin, jon.everett@"
96,Marketing Technology Solutions,,,732-452-9797,10 Exchange Place,,Jersey City,NJ,7302,www.mtscorp.com,TRUE,,,,0,No,"Robert Costanzo, VP of Technology, 732-491-8055 Joseph Sondow, Software Engineer, 732-491-8058 C"
97,Cruise One,,,954-958-3570,,,,,,www.homebasedhq.com,TRUE,,,,1,No,"Cruise One is a division of WTL Sandi Szalay, VP, IT"
98,Vertex Pharmaceuticals Incorporated,,,,,,,,,http://vrtx.com,TRUE,,,asundaram,0,No,"Parent organization for all other ""Vertex"" organizations. Customer Primary Contact: Bec"
101,American Insulated Wire,,,"800-366-2492, 508-964-1200",260 Forbes Blvd.,,Mansfield,MA,2048,www.aiwc.com,TRUE,,,,0,No,"Marc R. Bacon, Vice President- Finance Office : 508-964-1202 Cell: 508-954-9336 Silpa Gongalre"
103,Cadec,,,603-668-1010,645 Harvey Road,,Manchester,NH,3103,www.cadec.com,TRUE,,,,0,No,"Bjorn Brynjulfsson, System Architect, 603-296-9407 Albert Mattin, Solutions Consultant, 603-296-942"
104,Sycamore Networks,,,877-792-2667,220 Mill Road,,Chelmsford,Ma,1824,www.sycamorenet.com,TRUE,,,,0,No,Brian Baker
105,ViaCell Inc.,Richard McMorrow,rmcmorrow@viacellinc.com,617-914-3425 or 866-835-0968,245 First Street,,Cambridge,Ma,2142,www.viacellinc.com,TRUE,,,,1,No,"Richard McMorrow, Director, Info Technology Divij Purandare, Applications Manager, 617-914-3454 Da"
106,Navic Networks (Microsoft),Thomas Walsh,towalsh@microsoft.com,"781-433-3238, cell: 781-588-2400",140 Kendrick Street,,Needham,Ma,2494,www.navic.tv,TRUE,,,,0,No,"Thomas Walsh, Senior Vice President Martin Wahl, Director, Professional Services and Customer Suppo"
107,"Brueggers Enterprises, Inc.",Chris North,cnorth@brueggers.com,802-660-4034,159 Bank Street,,Burlington,VT,5401,www.brueggers.com,TRUE,,,,0,No,904060
108,Sherwin-Williams Company,Jerry Kozik,jnkozik@sherwin.com,216-566-3543,101 Prospect Avenue NW,,Cleveland,OH,44115-1075,www.sherwin-williams.com,TRUE,,,,1,No,Main Phone: 216-566-2000 Fax: 216-566-2947
109,Agero,"Tom Butler, IT Manager",tbutler@crosscountry-auto.com,781-306-3034,One Cabot Road,,Medford,Ma,2155,www.crosscountry-auto.com,TRUE,,,,1,No,"Tom Butler- IT Manager - 781-306-3034 Fredrick Pinkham - Manager, Data Center Operations 781-306-"
111,Calloway Labs,,,781-224-9899,34 Commerce Way,,Woburn,MA,1801,www.callowaylabs.com,TRUE,,,,0,No,
112,Eastern Bank,Deborah Scally,d.scally@easternbk.com,781-596-4699,"One Eastern Place, EP2-16",,Lynn,Ma,01901-1508,www.easternbank.com,TRUE,,,asundaram,1,No,
113,Paratek Pharmaceuticals,"Beverly Armstrong, VP Chief Compliance Officer and",barmstrong@paratekpharm.com,617-275-0040 x216,75 Kneeland Street,,Boston,MA,2111,www.paratekpharm.com,TRUE,,,asundaram,1,No,
114,ATG,,,,1 Main Street,,Cambridge,MA,2142,http://atg.com,TRUE,,,mmishra,0,No,
115,GSI Lumonics Inc,Ken Lanciani,klanciani@gsig.com,,39 Manning Road,,Billerica,MA,1821,http://gsig.com/,TRUE,,,,0,No,"Manufacturing of Precision Motor products,lasers and laser systems Primary DBA - Shyamal Shah"
116,TransAct,Neil Edwards/Lee Tunison,nedwards@transact-tech.com;ltunison@transact-tech.,203-859-6800,20 Bomax Drive,,ITHACA,NY,14850,www.transact-tech.com,TRUE,,,asundaram,1,No,Gaming Printer Manufacturing Primary DBA - Shyamal Shah
117,"International Registries, Inc (IRI)",Tony Suazo/Michael Timmons,tony.suazo@Register-IRI.com;mtimmons@Register-IRI.com,703-620-4880,14495 Commerce Park Drive,,Reston,VA,20191,www.register-iri.com,TRUE,,,,0,No,Maritime and Corporate Administrator of the Republic of the Marshall Islands - 24*7 Primary DBA - S
118,Unisource Solutions,,,510-475-2004,1936 Fairview Circle,,San Leandro,CA,94577,http://unisourceit.com,TRUE,,,,0,No,
119,American Greetings,Joe Yanke is the IT director and Primary Contact,Joe.Yanke@amgreetings.com,216-252-7300 ext 6567,1 American Road,,Cleveland,OH,44144-2398,http://americangreetings.com/,TRUE,,,sukumar,1,No,Suppport plan 24X7 remote managed services Oracle Apps 11i Primary DBA Michael Long 617-774-5270
120,KEMA,,,781-418-5700,67 South Bedford Street,,Burlington,MA,1803,www.kema.com,TRUE,,,,0,No,
121,Precix,Ira Haskell,ihaskell@precixinc.com,508-998-4041,744 Belleville Ave,,New Bedford,MA,2745,http://precixinc.com/,TRUE,,,,1,No,
122,KCI,Jim Loft,jim.lofft@kci.com,(410) 316-7822,936 Ridgebrook Road,,Sparks,MD,21152,http://kci.com,TRUE,,,,1,No,
123,Kessler Group,Paul Casarano,pcasarano@kessler.com,(617) 262-7500,855 Boylston Street,,Boston,MA,2116,http://http://kessler.com,TRUE,,,,0,No,1046416
124,Mettler-Toledo (Thornton),Jon Bening,jbening@midwave.com,781.301.8701,36 Middlesex Turnpike,,Bedford,MA,1730,http://us.mt.com,TRUE,,,,0,No,
125,Mossberg,Frantz Jacques,fjacques@mossberg.com,(203) 230-5399,7 Grasso Avenue,,North Haven,ct,6473,http://http://mossberg.com,TRUE,,,,0,No,Primary DBA Michael Long
126,NBSC,Kiko Derderian,derderian@nbsc.com,(800)631-5417,44 Talmadge Road,,Edison,NJ,8818,http://nbsc.com,TRUE,,,,1,No,Primary DBA Joe O'Neill
127,Astellas,Anand Pattabiraman,anand.pattabiraman@us.astellas.com,847.317.1636,,,,,,http://astellas.com,TRUE,,,,1,No,
128,Oxford Global Resources,Bruce Winchester,Bruce_Winchester@oxfordcorp.com,978-538-1778,Suite 206L 100 Cummings Center,,Beverly,MA,1915,http://oxfordcorp.com,TRUE,,,,0,No,Steve Griffin Primary DBA
129,AlphaGary Corporation,,,978-537-8071,170 Pioneer Drive,,Leominster,MA,1453,http://alphagary.com,TRUE,,,,1,No,
130,"Amphenol, PCD, Inc.",Brian Armand,BArmand@AmphenolPcd.com,978-532-8800,2 Technology Drive,,Peabody,Ma,1960,http://amphenolpcd.com,TRUE,,,,0,No,
131,"Amtrol, Inc.",,,(401) 535-1408,1400 Davidson Rd,,W. Warwick,RI,2893,http://amtrol.com,TRUE,,,,0,No,
132,Boston Acoustics,Robin Campbell,robin.campbell@bostonacoustics.com,(978) 538-5110,300 Jubilee Drive,,Peabody,Ma,1960,http://http://bostonacoustics.com,TRUE,,,,0,No,
134,Coface,Shane Sparks,shane_sparks@coface-usa.com,(203) 503-6712,suite 2 900 Chapel Street,,New Haven,CT,6510,http://coface.com,TRUE,,,,0,No,
135,Cytyc,John Vermilyea,john.vermilyea@cytyc.com,508-263-2900,250 Campus Drive,,Marlborough,Ma,1752,http://cytyc.com,TRUE,,,,0,No,
136,Delorme,,,207-846-7111,2 Delorme Drive,,Yarmouth,ME,4096,http://http://delorme.com,TRUE,,,,0,No,
137,Fallon Clinic,Scott Pilate,scott.pilate@fallonclinic.org,774-261-1245,100 Front Street,,Worcester,Ma,1608,http://fallonclinic.org,TRUE,,,,1,No,
138,Global Knowledge,Andy Hart,harta@globalknowledge.com,919-459-1268,1081 Classic Road,,Apex,NC,27502,http://http://globalknowledge.com,TRUE,,,,0,No,
139,Hypertherm,Dan Gaudet,Dan.Gaudet@Hypertherm.com,(603) 643-3441,5010 Etna Road,,Hanover,NH,3755,http://hypertherm.com,TRUE,,,,0,No,
140,IDEC Corporation,Joel Nario,joel@idec.com,408-745-5242,1175 Elko Drive,,Sunnyvale,CA,94089,www.idec.com,TRUE,,,,0,No,Contract Terminated 4/30/12
142,Itape,,,810-327-2064,250 317 Kendal Street,,Marysville,MI,48040,http://itape.com,TRUE,,,,0,No,
143,JDRF,Anthony Petrosillo,apetrosillo@jdrf.org,212-479-7588,120 Wall Street,,New York,NY,10005,http://jdrf.org,TRUE,,,,0,No,
144,RDU,Steve Golden,steve.golden@rdu.com,(919) 840-7763,1000 Trade Drive,,RDU Airport,NC,27623,http://http://rdu.com,TRUE,,,,0,No,Mike Long is Primary DBA
145,Sonus,Ashok Srinivasan,asrinivasan@sonusnet.com,978-614-8797,7 Technology Drive,,Westford,MA,1886,http://sonusnet.com,TRUE,11gR2,EBS R12.1.3,ajbajpai,1,Fully,Joe ONeill is Primary DBA Stephanie Scolastico is main contact.
146,Sulzer Pumps Houston Inc,Siva Ponnambalam,Siva.Ponnambalam@sulzer.com,,800 Koomey Road,,Brookshire,TX,77423,www.sulzer.com,TRUE,,,,1,No,
147,Thornton,Paul Curry,paul.curry@mt.com,781-301-8634,36 Middlesex Turnpike,,Bedford,MA,1730,http://thorntoninc.com,TRUE,,,,1,No,Primary DBA Karminder Bihla O - (617)-774-5304 C- (774) -259-6366
148,Uno Restaurant Corporation,Alan Labatte,alan.labatte@pizzeriauno.com,(617) 323-9200,100 Charles Park Road,,Boston,MA,2132,http://unos.com,TRUE,,,,1,No,
149,MMIC (Use Medical Mutual Insurance not this org),Ray Croteau,,,"One City Center, 9th Floor",P.O Box 15275,Portland,ME,04112-5275,http://medicalmutual.com,TRUE,,,,0,No,
150,Vermont Transco LLC,"Neal Robinson, VP & CFO",nrobinson@velco.com,,366 Pinnacle Ridge Road,,Rutland,VT,5701,http://velco.com,TRUE,,,,1,No,
151,Goodrich Corporation,Linda Cisek,Linda.cisek@goodrich.com,203-797-5219 C: 203-994-9675,100 Wooster Heights Road,,Danbury,CT,6810,www.goodrich.com,TRUE,,,mmishra,1,No,Primary DBA Michael Long C:508-328-6637
152,Federal Home Loan Bank of Boston,Shawn Movsessian,shawn.movsession@fhlbboston.com,617-292-9732,111 Huntington Avenue,,Boston,Ma,2199,www.fhlbboston.com,TRUE,,,,1,No,
153,Koyo Corporation,Marty Montague,mmontague@koyousa.com,440-835-1010,29570 Clemens Road,,Westlake,OH,44145,www.koyousa.com,TRUE,,,,1,No,"Marty Montague IT Manager David Koler, Oracle App Developer"
155,Veracode,"Jay Pateris, Director of Infrastructure",jpasteris@Veracode.com,,16 Network Drive,,Burlington,Ma,1803,www.veracode.com,TRUE,,,,1,No,
156,Lawrence General Hospital,,,,1 General Street,,Lawrence,Ma,01842-0389,www.lawrencegeneral.org,TRUE,,,,1,No,
159,Potpourri Group,"Bradley Rish, Director, IS",BRish@PotpourriGroup.com,978-256-4100 x3019,222 Mill Road,,Chelmsford,MA,1824,www.potpourrigroup.com,TRUE,,,,0,No,"Bradley Rish, Director of IS Randall Davis, VP IT 1113553"
160,Demo Company,Bill Smith,BillSmith@Demo.com,123-123-1234,,,,,,www.Demo.com,TRUE,,,,1,No,Demo Org. for EM's use
161,"CP Clare, Inc.",Emani Reddy,Emani Reddy (EReddy@ixysic.com),O: 978 524- 6770 C:781-696-4545,78 Cheery Hill Drive,,Beverly,MA,1915,www.clare.com,TRUE,,,,1,No,Primary DBA Shyamal Shah C:717-4973109 Emani Reddy Oracle Application Manager C:781-696-4545 Ken H
162,Specialty Catalog,Ron Valcourt,,508-638-7000,400 Manley Street,,West Bridgewater,MA,2379,www.scdirect.com,TRUE,,,,1,No,
164,Rosetta Stone,Marsha L. Edgell,medgell@RosettaStone.com,703-387-5827 C: 703-839-3346,"1101 Wilson Blvd, Suite 1130",,Arlington,Va,22209,www.RosettaStone.com,TRUE,,,,0,No,
165,Wiremold/Legrand,Jon Milanczuk,jon.milanczuk@wiremold.com,860-233-6251 x3496,60 Woodlawn Street,,West Hartford,CT,6110,www.Wiremold.com,TRUE,,,,0,No,
166,TechTarget,"Sean Tierney, SVP of Development & Technology",,617-431-9200,275 Grove Street,,Needham,Ma,2466,www.techtarget.com,TRUE,,,,0,No,"Justin, CIO, joined the last week of Sep 09 from LL Bean Sean Tierney, SVP of Development & Tec"
167,"Beluga Ventures, LLC",Kevin Cook,,(801) 704-6128,1325 West Industrial Circle,,Springville,UT,84663,www.belugaventures.net,TRUE,,,,1,No,"Mike Emery Functional Manger Apps Beluga Ventures, L.L.C. memery@belugaventures.net"
168,Questex Media Group,"Mitra Vahedi, mvahedi@questex.com, 617-219-8342",mvahedi@questrex.com,617-219-8342,"275 Grove Street, Suite 2-130",,Newton,MA,2466,www.questex.com,TRUE,,,,0,No,Customer has signed SLA for E-Bus support and Functional Help. Please see Discovery document loaded
169,Biomet 3i,Jeff Zarek,,,4555 Riverside Drive,,Palm Beach Gardens,FL,33418,www.3implant.com,TRUE,,,,1,No,Primary DBA - Shyamal Shah
170,Microbia Precision Engineering,Jeff Bates 781-259-7600 x7673,jbates@microbia.com,781-259-7600,60 Westview Street,,Lexington,Ma,2421,http://microbia-pe.com,TRUE,,,,0,No,Division of Microbia
171,D3 Security Inc,Julie Copithorne,,1.800.608.0081 xt. 101,1173 North Service Road W.,Suite 4,Oakville,ON,L6M 2W1,http://d3security.com,TRUE,,,,0,No,
172,Flinn Scientific,"William (Bill) Wolford, CFO",bwolford@flinnsci.com,800-841-3164,PO BOX 219,,Batavia,IL,60510,flinnsci.com,TRUE,,,ajbajpai,1,No,Chris Green cgreen@flinnsci.com 630-879-6900 William Wolford bwolford@flinnsci.com 800-
173,Empirix,John Schmottlach,jschmottlach@empirix.com,"781.266.3454 O, 617.510.0943 C",20 Crosby Drive,,Bedford,Ma,1730,www.empirix.com,TRUE,,,asundaram,0,No,"John Schmottlach, Director of Business Systems Adam Berk, Director of IT Primary DBA - Shyamal S"
174,"Mercury Computer Systems, Inc",George Cooper,gcooper@mc.com,,199 Riverneck Road,,Chelmsford,MA,1824,www.mc.com,TRUE,,,,0,No,
175,Perkin Elmer,Ed Amarillo,Edgar.Amarillo@perkinelmer.com,203-925-4600,710 Bridgeport Avenue,,Shelton,CT,6484,http://perkinelmer.com,TRUE,,,,1,No,
176,Markem- Imaje,Tom Newcombe,tnewcombe@markem-imaje.com,603 283-2505,,,Keene,NH,,www.markem-imaje.com,TRUE,,,,0,No,Primary DBA - Shyamal Shah
177,Bradford Soap,Dave Wrigley,dwrigley@bradfordsoap.com,401-381-6292,,,West Warkwick,RI,,http://bradfordsoap.com,TRUE,,,,0,No,952322
178,Cubist,Vishwajeet Kumar,Vishwajeet.Kumar@cubist.com,781-860-8660,65 Hayden Avenue,,Lexington,MA,2421,http://cubist.com,TRUE,,,,0,Partially,
179,Avid Technology,,,,One Park West,,Tewksbury,MA,1876,www.avid.com,TRUE,,,,1,No,"SqlServer,Oracle10g, RAC, mysql"
180,Avidyne Corporation,Reed Malleck,,781-402-7400,55 Old Bedford Road,,Lincoln,MA,1773,www.avidyne.com,TRUE,,,,1,No,859416
181,American Renal Associates,Tareq Rahman,trahman@americanrenal.com,978-922-3080,66 Cherry Hill Drive,,Beverly,MA,1915,www.americanrenal.com,TRUE,,,,1,No,
183,MBA LLC,Paul Etherington,Petherington@mbagroup.com,781 228 2178,,,Braintree,MA,,www.mbagroup.com,TRUE,,,,1,No,"HIPA/SOX compliance 10g Database, Powerbuilder App 7x24 Critical Response 9-5 EST (High 2 hrs, Me"
184,m2s,Ty Peavey,peavey@m2s.com,(603) 298-5509 x389,,,,,,www.m2s.com,TRUE,,,,1,No,
185,The Gem Group (Gem Group),Tom Conlon,tconlon@thegemgroup.com,(978) 691-2000 x4086,9 International Way,,Lawrence,MA,1843,www.thegemgroup.com,TRUE,,,,1,No,Promotional Products Distributor. Oracle Core
186,"Protege Software Services, Inc.",Mike Ivers,mivers@protege.com,781.305.8331,600 West Cummings Park,Suite 4300,Woburn,MA,1801,www.protege.com,TRUE,,,,0,No,"Supporting internal R12 instances on EBIZ server only, per Michael."
189,Charter Steel,Steve Patsch,petschs@chartersteel.com,262 268 2460,,,,,,http://chartersteel.com,TRUE,,,sukumar,1,No,
190,Glass Lewis and Co LLC,Kathy Appuhn,,415-678-4110,,,San Francisco,CA,,www.glasslewis.com,TRUE,,,,0,No,
191,MKS Instruments,Shahram Selahi,Shahram_Selahi@mksinst.com,O-(978) 645-5679 C-(978) 376-2226,2 Tech Drive,,Andover,Ma,1810,http://mksinst.com,TRUE,11.2.0.3,12.1.3,mmishra,1,Partially,MKS non prod environments are hosted in Tricore Somerville datacenter and are supported by Tricore
192,"Infopia, Inc.",Rob Perry,rperry@infopia.com,,,,,,,www.infopia.com,TRUE,,,,0,No,Service Ended COB - 9/15/2009
193,HealthEdge Software Inc,Ray Desrochers,rdesrochers@healthedge.com,781.285.1316,10 Burlington Mall Road,,Burlington,MA,1803,http://healthedge.com,TRUE,,,,0,No,Separated effective 7/2014 Bronze - 9-5 EST - Monitoring and ticket support for up 10 hrs /month.
194,Tii Network Technologies Inc,J.P. Abilla,jpabilla@tiinetworktechnologies.com,631-789-5000 x 751,141 Rodeo Drive,,edgewood,ny,11717-8378,www.tiinetworktechnologies.com,TRUE,,,asundaram,1,No,e-Business Suite - 11.5.10.2 /9.2.0.6 - Discoverer Primary DBA - Shyamal Shah
195,Zip Car,John Corliss,jcorliss@zipcar.com,w: 617.995.4292 | c: 617.852.0218,,,Cambridge,MA,,www.zipcar.com,TRUE,,,,1,No,
196,Forrester Research,Ken Huang,khuang@forrester.com,,400 Technology Square,,Cambridge,MA,2139,www.forrester.com,TRUE,,,,1,No,5 Hours/Month Secondary DBA role on Oracle/SQL Server
197,Power-One,Wendy Puppolo,Wendy.Puppolo@power-one.com,,1 Riverside Drive,,Andover,MA,1810,www.power-one.com,TRUE,10.2.0.4,11.5.10.2/12.1.3,,0,No,e-Business Suite: 11.5.10.2 - 10.2.0.4 - (PROD) Advance Supply Chain Planning: Relase 12 -10.2.0.4
198,Master Lock,,,,137 W. Forest Hill Avenue,,Oak Creek,WI,53154,www.masterlock.com,TRUE,,,,0,No,BAS - Agreement Oracle On Demand
200,Magellan,Mike Williams,mwilliams@tricoresolutions.com,,,,,,,,TRUE,,,,0,No,
201,Pennsylvania State University,Bart Grande,bdg10@outreach.psu.edu,814-863-7899,The 329 Building Suite 306G,,University Park,PA,16802,http://psu.edu,TRUE,,,,0,No,
202,Mohegan Tribal Government,George Wood,GWood@moheganmail.com,860.862.6257 O | 860.367.1615 C,,,,,,http://moheganmail.com,TRUE,,,,1,No,
203,Carroll Enterprises Inc,Mark Petter,MPetter@sbsb.com,(508) 770-0325 (O) | (508) 294-5094 (C),554 Main St,,Worcester,MA,1615,www.sbsc.com,TRUE,,,,0,No,Backup DBA Agreement No work to be performed w/o Ticket or Email request from client
204,iRobot,Katrina Sorrentino,ksorrentino@irobot.com,781-430-3000,8 Crosby Drive,,Bedford,MA,1730,http://irobot.com,TRUE,,,,0,No,
205,Uponor,Jennifer Hauschildt,Jennifer.Hauschildt@uponor.com,,,,,,,www.uponor.com,TRUE,,,,1,No,
206,AMLI,Rick Fox,rfox@amli.com,(312) 283-4905,200 West Monroe STE 2200,,Chicago,IL,60606,www.amli.com,TRUE,,,sukumar,0,No,EBS and Core
207,Converge Global Trading,Tom Famiglietti,tom.famiglietti@converge.com,(978) 538-8612,4 Technology Drive,,Peabody,MA,1960,www.converge.com,TRUE,,,,0,No,EBS 11.0.3 / 8.0.5 Core 9i with 10g UPG
208,TCS Managed Services,Michael Fain,Mfain@tricoresolutions.com,,100 Newport Ave Ext,1st Floor,Quincy,MA,2171,,FALSE,,,,0,No,To be used for making suggestions for improvements to the Managed Services deliverables.
209,Biogen IDEC,Jeff Lott,jeffrey.lott@biogenidec.com,(919)993-1876,,,,,,http://biogenidec.com,TRUE,,,,0,No,All users disabled under ticket 94690.
210,Clarendon Insurance,,,,,,,,,http://inactive-clarendon-ins.com,TRUE,,,,0,No,
211,Xsigo Systems,Prakash Tallapragada,,,,,,,,http://xsigo.com,TRUE,,,,0,No,
212,"CNL Lifestyle Company, LLC",Wendy Bobbitt,,,,,,,,www.cnllifestylereit.com,TRUE,,,,1,Fully,Dec 09 - 36 Months - EBS Apps/DB RMS - Hosting (2 sites) 11.5.9/9.2.0.7 on SunOS 8 -> 11.5.9->
213,Nifco America,,,,,,,,,www.nifcousa.com,TRUE,,,,1,No,Developer Agreement
214,Baystate Health,,,,,,,,,http://bhs.org,TRUE,,,,0,No,
215,Bracebridge,Vishal Dubey,,,,,,,,http://bracebridgecapital.com,TRUE,,,,1,No,
216,"CBeyond Communications, LLC",Dave Grantier,,404 939 1735,"320 Interstate North Parkway, SE",,Atlanta,GA,30339,www.birch.com,TRUE,,,sukumar,1,Fully,Primary DBA: Sachin Weake
217,Wavemark Inc,Nathan Wicks,,,,,Littleton,MA,,http://wavemark.net/,TRUE,,,,1,No,
218,Spectranetics,Eric Beatty,,,,,,,,http://spectranetics.com,TRUE,11gR2,"EBS R12.1.3, Agile",,1,Fully,
219,Kelly Moore Paint Co Inc,,,,,,,,,http://kellymoore.com/,TRUE,,,sukumar,1,Partially,
220,Wellpartner Inc,,,,20800 SW 115th Ave,Suite 100,Tualatin,OR,97062,http://wellpartner.com/,TRUE,,,ajbajpai,1,No,
221,Eaton Vance,Tully Cunningham,tcunningham@eatonvance.com,,,,,,,http://eatonvance.com,TRUE,,,,1,No,
222,Meguiars Inc,,,,,,,,,http://meguiars.com/,TRUE,,,mmishra,1,No,
223,"CL Verify, LLC",,,,,,,,,http://clverify.com/,TRUE,,,,1,No,
224,Andrew Peller Limited,,,,,,,,,http://andrewpeller.com/,TRUE,,,,1,No,
225,Radixx International,,,,Radixx International,6310 Hazeltine National Drive,Orlando,FL,32822,http://radixx.com/,TRUE,,,,0,No,
226,PointRight,,,,,,,,,www.pointright.com,TRUE,,,,0,No,Core database and linux remote managed services
227,Screen Actors Guild,,,,,,,,,www.sag.org,TRUE,,,,1,No,Primary DBA - Kaminder Bihla
228,WSP,,,,,,,,,wsp.com,TRUE,,,,1,No,
229,Valtera,,,(847) 640-8820,"1701 Golf Road, 2-1100",,Rolling Meadows,IL,60008,http://valtera.com,TRUE,,,,0,No,
230,Microsoft,,,,,,,,,www.microsoft.com,TRUE,,,,0,No,"Added to accommodate Navic emails from the ""microsoft.com"" domain."
231,Humedica,,,,,,,,,http://humedica.com,TRUE,,,,1,No,
232,Dover Corporation,,,,,,,,,www.dovercorporation.com,TRUE,,,,0,No,"Added to accommodate Markem-Imaje Business Group emails from the ""dover-pidg.com"" domain."
233,Ogin,Shawn D. Smith,SDSmith@oginenergy.com,O - (781) 609- 4740 C - (650) 430- 5029,"221 Crescent St., Ste. 103A",,Waltham,MA,2453,http://oginenergy.com,TRUE,R12.1.3,11.2.0.1,asundaram,0,Fully,
234,Ora Clinical,Catherine Hodges,,,,,,,,http://oraclinical.com,TRUE,,,mmishra,0,No,Oracle Apps RDBA Service for R12 932539
235,Agios Pharmaceuticals,,,,,,,,,http://agios.com,TRUE,,,asundaram,1,No,Primary DBA - Shyamal Shah
236,Defunct (Avid Tech),,,,,,,,,,TRUE,,,,0,No,
237,"Genomic Health, Inc.",John Wong,,,,,,,,http://genomichealth.com/,TRUE,,,,1,No,
238,Uponor Europe,Simo Vilmunen,,,,,,,,,TRUE,,,,1,No,Direct Offshore Client - (Uponor Europe) - OEBS2 Team
239,CNL Financial Group,,,,,,,,,http://cnl.com,TRUE,10.2.0.3,11.5.10.2,,1,Fully,
240,SBLI - The Savings Bank Life Ins Co of MA,Jeanne Grieve,,,,,,,,http://sbli.com,TRUE,,,,1,No,
241,Gazelle (Second Rotation),,,,,,,,,http://gazelle.com/,TRUE,,,ajbajpai,1,Fully,R12 OBA Implementation
243,POMCO Group,,,,,,Syracuse,NY,13206,http://pomcogroup.com,TRUE,,,,0,No,Service discontinued 2/15/2013
244,RAIT Financial Trust,,,,,,,,,www.raitft.com,TRUE,,R12,asundaram,0,No,"10g/R12 (with Accelerators implemented in 2009) Modules: GL, AP, AR, CM, iExpense, OBIEE (EBS, al"
245,Sharyland Utilities,,,,,,,,,http://sharylandutilities.com,TRUE,9i,11.5.9,asundaram,0,No,
246,Sager Electronics,,,,,,,,,http://sager.com,TRUE,7.3.x,N/A,,1,No,
247,Paetec Software Corporation,,,,,,,,,http://paetec.com,TRUE,,,,0,No,
248,Golf Warehouse,Ray Sparks,,,,,,,,www.tgw.com,TRUE,,,,1,No,
249,Laborsoft,,,,,,,,,http://laborsoft.com,TRUE,,,,0,No,Contact Chris Conover for additional information.
250,GlobiTech,,,,,,,,,http://globitech.com,TRUE,,,sukumar,0,No,
251,Harvard Business Publishing,,,,300 North Beacon St.,,Watertown,MA,2472,http://harvardbusiness.org,TRUE,,,,0,No,"Support Services to include BAS, EBS, Core Oracle, SQL Server and SYS Admin"
252,PostMigrationTest,,,,,,,,,,TRUE,11g,R12,,1,No,Created as a test after hardware migration 6/20/11
253,Nova Solar,,,,,,,,,http://www.novasolar-usa.com/,TRUE,11g,R12,,0,No,R12 Hosted Implementation with RMS and EBS
254,"Brooks Automation, Inc.",,,,,,,,,http://www.brooks.com,TRUE,,,,1,No,Core/EBS/SQL
255,Suffolk Construction,,,,,,,,,http://suffolkconstruction.com,TRUE,SQL Server,,,1,No,
256,Stonehill College,,,,,,,,,http://stonehill.edu,TRUE,10.2.0.4,N/A,N/Q,1,No,
257,Amonix,,,,,,,,,http://amonix.com,TRUE,11g,"r12.1.3 Agile 9.3.1, Hyperion, OBIEE",,0,No,
258,TriCoreOCTTeam,,,,,,,,,,TRUE,,,,0,No,
259,Passkey International,,,,,,,,,passkey.com,TRUE,11gR2,R12.1,,0,No,Hosting 813647
260,Sekisui Diagnostics LLC,,,,,,,,,http://sekisuidiagnostics.com/,TRUE,,,,1,No,"Oracle Core, SQL Server, and O/S support services"
261,Citizens Energy Group,,,,,,,,,http://www.citizensenergy.com,TRUE,,,,1,No,R12 Upgrade Has Special Terms Up to 16 hours of unused time monthly can be carried to the followi
262,Keeneland,,,,,,,,,www.keeneland.com,TRUE,,,,0,No,
263,Zanett,,,,,,,,,www.zanett.com,TRUE,,,,1,No,Open for tracking project work performed on behalf of Zanett.
264,Childrens National Medical Center,,,,,,,,,www.childrensnational.org,TRUE,,,,0,No,
265,Catholic Social Services,,,,,,,,,www.chs-adphila.org,TRUE,,,,0,No,Extraction of sunset EBS Financials from OOD to on-prem.
266,"Apperian, Inc.",Caleb Mills,,,,,,,,http://www.apperian.com/,TRUE,,,,0,No,Oracle Core
267,"AGY, LLC",,,,,,,,,www.agy.com,TRUE,,,,0,No,
268,Amerifit,,,,,,,,,www.amerifit.com,TRUE,,,,0,No,
269,Banca IMI Securities Corp,,,,,,,,,www.bancaimi.com,TRUE,,,,1,No,
270,Cedar Fair,,,,,,,,,www.cedarfair.com,TRUE,,,,0,No,Termination of Services Pending
271,City of Indianapolis,,,,,,,,,www.indy.gov,TRUE,,,,0,Fully,
272,Embry Riddle Aeronautical University,,,,,,,,,www.erau.edu,TRUE,,,,1,No,
273,Family Video,,,,,,,,,www.familyvideo.com,TRUE,,,,1,No,
274,IS Group,,,,,,,,,www.isgroup.org,TRUE,,,,1,No,
275,"Baptist Health Systems, Inc.",,,,,,,,,http://www.bhsala.com/,TRUE,,,,0,No,
276,Louisville Region Airport Authority,,,,,,,,,www.flylouisville.com,TRUE,,,asundaram,1,No,
277,"MSC Group, Inc.",,,,,,,,,www.yourmsc.com,TRUE,,,,1,No,
278,National Marrow,,,,,,,,,www.NMDP.ORG,TRUE,,,,1,No,
279,"Netlook, Inc.",,,,,,,,,www.netlook.com,TRUE,,,,0,No,
280,Proudfoot,,,,,,,,,www.proudfootconsulting.com,TRUE,,,,1,No,
281,"Restaurant Technologies, Inc.",,,,,,,,,www.rti-inc.com,TRUE,,,,0,No,
282,Talon Systems,,,,,,,,,www.talon-systems.com,TRUE,,,,1,No,
283,UC Physicians,,,,,,,,,www.ucphysicians.com,TRUE,,,,1,Fully,
284,Virbac Corporation,,,,,,,,,www.virbacus.com,TRUE,,,,1,No,
285,Lucille Packard Childrens Hospital,,,,,,,,,http://www.lpch.org,TRUE,,,,0,No,
286,Momenta Pharmaceuticals,,,,,,,,,http://www.momentapharma.com/,TRUE,11,12.1,sukumar,1,No,OBA
287,Indianapolis Power and Light,,,,,,Indianapolis,IN,46206,www.iplpower.com,TRUE,,,,1,No,Primary DBA - Luis Duran Account Manager - Chris Nichol
288,Medical Mutual Insurance Company of Maine,,,,,,Portland,ME,4101,www.medicalmutual.com,TRUE,,,,1,No,
289,Regeneron Pharmaceuticals,,,,,,,,,www.regeneron.com,TRUE,,,mmishra,1,No,Mar 2012 - Oracle 11g Upgrade & Oracle RAC Implementation
290,JandB Medical Supply,,,,50496 West Pontiac Trail,,Wixom,MI,48393,www.jandbmedical.com,TRUE,,,,1,No,
291,Von Weise,,,,,,Eaton Rapids,MI,48827,www.vonweise.com,TRUE,,,,1,No,
292,Seacor Holdings Inc.,,,,,,Fort Lauderdale,FL,33316,www.seacorholdings.com,TRUE,,,,0,No,
293,Samaritan Health Services,,,,,,,OR,,www.samhealth.org,TRUE,,,,1,No,
300,Parametric Portfolio Associates,,,,,,Seattle,WA,98101,www.parametricportfolio.com,TRUE,,,,1,No,
301,Winn Companies,,,617-742-4500,6 Faneuil Hall Marketplace,,Boston,MA,2109,http://winncompanies.com,TRUE,,,,1,No,
302,"Spine Wave, Inc.",John DeForest,jdeforest@spinewave.com,,,,Shelton,CT,6484,www.spinewave.com,TRUE,,,,1,No,
303,Boston Healthcare for the Homeless,,,,,,,,,http://www.bhchp.org/,TRUE,,,,1,No,BI Managed Services
304,"Agensys, Inc.",Dave Cardino,david.cardino@agensys.com,310-820-8029x160,1545 17th Street,,Santa Monica,CA,90404,www.agensys.com,TRUE,,,sukumar,1,No,
305,Microbilt,,,,,,,,,www.microbilt.com,TRUE,,,,1,No,
306,PrimeLine Products Inc,,,909-887-8118,26950 San Bernardino Ave.,,Redlands,CA,92374,http://prime-line-products.com/,TRUE,,,ajbajpai,0,No,
307,Boart Longyear,Madhur Guliani,,,"10808 South River Front Parkway, Suite 600",,South Jordan,Utah,84095,www.boartlongyear.com,TRUE,,,,1,No,
308,"Sig Sauer, Inc.",Michael Jasper,,,,,Exeter,NH,3833,www.sigsauer.com,TRUE,,,ajbajpai,1,No,
309,"Bissell Homecare, Inc.",,,,,,Grand Rapids,MI,49501,www.bissell.com,TRUE,,,,0,No,1076047
310,UGI Utilities Inc,,,,2525 N. 12th St.,,Reading,PA,19605,www.ugi.com,TRUE,,,asundaram,1,No,
311,CardioDX,,,,,,,,,www.cardiodx.com,TRUE,11g,12.1.3,,1,No,EBS/Hosting
312,"OneShield, Inc.",Tripp Johnson,,,,,Marlborough,MA,1752,www.oneshield.com,TRUE,,,,1,No,
313,Allegro MicroSystems Inc.,Jack McGovern,,,,,Worcester,MA,1606,www.allegromicro.com,TRUE,,,,1,No,
314,Greater Baltimore Medical Center,,,,,,Towson,MD,21204,www.gbmc.org,TRUE,,,,1,No,
315,Mueller Systems,Keith MacKenzie,,,,,Middleboro,MA,2346,www.muellersystems.com,TRUE,,,,1,No,
316,Simplicate,Joe Ritson,,,275 Grove St. Ste 2-400,,Newton,MA,2466,www.my.simplicate.com,TRUE,,,,1,Fully,
317,Wyoming Department of Transportation,James Klopfer,,,,,Cheyenne,WY,82009,http://www.dot.state.wy.us,TRUE,10g (10.2.0.3),PeopleSoft FSCM/HCM/ePortal 8.8; EPM 9.0; PeopleTools 8.48.15,,1,Fully,Hosted PeopleSoft
318,"Jane Street, LLC",Marie Harrison,,,,,New York,NY,10004,www.janestcapital.com,TRUE,11g,12.1.3,,1,Fully,Hosted EBS
319,"Good Start Genetics, Inc.",Marcia Nizzari,,,,,Cambridge,MA,2139,www.goodstartgenetics.com,TRUE,,,,0,No,Oracle Core Support
320,"Ironwood Pharmaceuticals, Inc.",Cale Anjoorian,,,,,,,,www.ironwoodpharma.com,TRUE,SQL Server; Oracle,,,0,No,
321,Jacksonville Aviation Authority,Steven Schultz,Steven.Schultz@flyjacksonville.com,,14201 Pecan Park Road,,Jacksonville,FL,32218,www.flyjacksonville.com,TRUE,,EBS R11(AIX)/R12 (Linux),,1,Fully,
322,"Lydall, Inc.",Joe Tait,,,,,Manchester,CT,6045,www.lydall.com,TRUE,,EBS 11.5.8; Discoverer; Portal; Kronos; PeopleSoft,,1,No,
323,Webster Bank,Betsy Rossitto,,,BRossitto@WebsterBank.com,,,,,www.WebsterBank.com,TRUE,,,,0,No,Webster is currently a functional upgrade project and not a managed services customer. From 11i to
324,Zynga Inc,Srinivasa Gunturi,sgunturi@zynga.com,,,,,,,zynga.com,TRUE,Oracle Database 11g R2 (11.2.0.1),,,1,Fully,"EBS, Core, SQL, Hosting"
325,Viewpost,,,,,,,,,http://viewpost.com,TRUE,N/A,N/A,N/A,0,Partially,Only Hosting Services
326,Pure Insurance,Howard Muhlstein,hmuhlstein@pureinsurance.com,914.328.7396,"44 S. Broadway, Suite 301",,White Plains,NY,10601,pureinsurance.com,TRUE,,,,1,Fully,OCT HA-Server Deployment Project- Related to One-Shield
327,Nationwide Laboratory Services,,,,,,,,,nationwidelab.com,TRUE,,,,1,Partially,
328,Mesa Air Group,,,,,,,,,mesa-air.com,TRUE,Oracle Database 11g R2 (11.2.0.4),,,1,Fully,
329,B456 Systems Inc,Stuart Kaufman,skaufman@alvarezandmarsal.com,224-388-0634,,,,,,a123systems.com,TRUE,11gR2,"EBS 11.5.10.2, Discoverer 11g",,1,Fully,
330,Jacksonville Transportation Authority,Howard Dinkins,hjdinkins@jtafla.com,904-633-8526,,,,,,www.jtafla.com,TRUE,,,,1,Fully,
331,Fabricut Inc,Ray Sparks,Ray.Sparks@Fabricut.com,918.392.6647,9303 E. 46th Street,,Tulsa,OK,74145,www.Fabricut.com,TRUE,5.0 MySQL,,,0,No,Primary PDBA Ajay Singh
332,Novartis Research,Kushal Patel,kushal.patel@novartis.com,,,,,,,novartis.com,TRUE,,,,1,No,
333,IQE,,,,,,,,,www.iqep.com,TRUE,,,mmishra,1,,
334,Panduit,Ikram Bokhari,IKB@panduit.com,(708) 532-1800 ; 81945,18900 Panduit Drive,,Tinley Park,IL,60487,panduit.com,TRUE,,,,1,No,
335,Brake Parts Inc,Paul Hessler,Paul.Hessler@brakepartsinc.com,,,,,,,brakepartsinc.com,TRUE,,,sukumar,0,No,
336,LipoScience Inc,Rick Witzke,Rick.Witzke@liposcience.com,919 256 1093,2500 Summer Blvd,,Raleigh,NC,27616,liposcience.com,TRUE,,,mmishra,1,Fully,
337,Catuogno Court Reporting Inc,Tammy Martin,Tammy.Martin@stentel.com,(413) 233-9219,"1414 Main Street, Suite 600",,Springfield,MA,1144,http://stentel.com/,TRUE,,,,0,Fully,
338,Town Sports International,Reymond Tan,Reymond.Tan@tsiclubs.com,(917) 351-6680 ext 1375,,,,,,tsiclubs.com,TRUE,,,,1,No,
339,Tensar Corporation,,,,,,,,,www.tensarcorp.com,TRUE,,,,1,No,
341,Arby's Restaurant Group,Bob Hughes,bhughes@arbys.com,678-514-6775,1155 Perimeter Center West,6th Floor,Atlanta,GA,30338,arbys.com,TRUE,11gR2 RAC,EBS R12.1.3,,1,Fully,Primary DBA - Michael Long Account Manager - Brian Shaffery Engagement Manager - Robin Yung
342,Sandoz - Novartis,Ross Benson,ross.benson@sandoz.com,252 234-2520,,,,,,sandoz.com,TRUE,,,,0,,
343,Danone Foods Inc,Miguel Turcotte,miguel.turcotte@danone.com,,,,,,,danone.com,TRUE,,,,0,,1053073
344,Optum,Elizabeth Ellis,Elizabeth.ellis@optum.com,781-557-3098,,,,,,optum.com,TRUE,,,,1,,
345,Xand,Alex Contreras,AContreras@xand.com,914-610-7855,,,Hawthorne,NY,10532,xand.com,TRUE,,,,0,No,
346,TTI Floor Care,William Moore,william.moore@ttifloorcare.com,,,,,,,ttifloorcare.com,TRUE,,,,1,Fully,
347,The RMR Group,Todd Wheatley,twheatley@reitmr.com,,,,,,,reitmr.com,TRUE,,,,1,,
348,Resolute Forest Products,Omar Kettab,omar.kettab@resolutefp.com,,,,,,,resolutefp.com,TRUE,,,,1,,
349,Shiseido,,,,,,,,,sac.shiseido.com,TRUE,,,,1,,
350,Merrimack Pharmaceuticals Inc,Jim Scavone,jscavone@merrimackpharma.com,(617) 441-1088,,,,,,merrimackpharma.com,TRUE,,,asundaram,1,,
351,NEC Energy Solutions,,,,,,,,,neces.com,TRUE,,,sukumar,1,,
352,ACGI Software,Dan Kasprow,DKasprow@acgisoftware.com,,,,,,,acgisoftware.com,TRUE,,,,1,Fully,
353,Missouri Department of Transportation,Tommy Caudle,Tommy.Caudle@modot.mo.gov,,,,,,,modot.mo.gov,TRUE,,,,0,No,
354,Akamai,,,,,,,,,akamai.com,TRUE,,,,1,No,
355,HB Communications,,,,,,,,,hbcommunications.com,TRUE,,,,1,No,
356,Aspen Aerogels,Lauren Know,lknox@AEROGEL.COM,,,,,,,AEROGEL.com,TRUE,11gR2,EBS R12.1.3,mmishra,1,Fully,
357,Adams 14,,,,,,,,,adams14.org,TRUE,,,,0,No,
358,Array BioPharma Inc,Grant Sturgis,Grant.sturgis@arraybiopharma.com,,,,,,,arraybiopharma.com,TRUE,,,,1,No,
359,Wolters Kluwer,Mike DeLorey,mike.delorey@wolterskluwer.com,,,,,,,wolterskluwer.com,TRUE,,,,0,No,
360,Cole Parmer,Bill Berry,wberry@coleparmer.com,847-327-5400,,,,,,coleparmer.com,TRUE,,,,1,Partially,
361,Cosi,Tania DiSciullo,tania.disciullo@getcosi.com,,,,,,,getcosi.com,TRUE,,,sukumar,1,No,
362,Ariad Pharmaceuticals,Jodi Lapetina,,,,,,,,ariad.com,TRUE,,,,1,No,1058981
363,Five Star,Ardo Panian,APANIAN@REITMR.com,,,,,,,reitmr.com,TRUE,,,,1,No,Split from RMR
364,New Enterprise Stone and Lime,Michael Andre,MAndre@nesl.com,,,,,,,nesl.com,TRUE,,,,1,No,
365,UC Berkeley,Walter Stokes,walter@berkeley.edu,,,,,,,berkeley.edu,TRUE,,,,1,Fully,
366,Cole Parmer End Users,,,,,,,,,www.coleparmer.com,TRUE,,,,1,No,This is a sub organization from Cole Parmer to support general user segregation from IT users and as
367,Copyright Clearance Center,,,,,,,,,www.copyright.com,TRUE,,,,0,No,Month-to-Month Core DBA Services
368,Veterinary Practice Partners,,,,,,,,,vetpartners.com,TRUE,,,,0,Fully,
369,Terex,Sachin Mathur,Sachin.Mathur@terex.com,,200 Nyala Farm Road,,Westport,CT,6880,www.terex.com,TRUE,,,,1,Fully,
370,Quanex Corporation,Joshua Leighton,,,,,,,,quanex.com,TRUE,,,,1,Fully,
371,Sun Country Airlines,,,,,,,,,suncountry.com,TRUE,,,,1,No,
372,"IXYS, Inc",Emani Reddy,EReddy@ixysic.com,O - (978) 524-6770 C- (781) 696-4545,IXYS Intergrated Circuits Division,78 Cherry Hill Drive,Beverly,Ma,1915,ixysic.com,TRUE,11.2.0.3.0,12.2.4,,1,Fully,
373,Real Alloy,,,,,,,,,realalloy.com,TRUE,11gR2,EBS R12.1.3,ajbajpai,1,Fully,
375,Thomas Publishing Company,Stephen Buckley,sbuckley@thomaspublishing.com,(212) 290-7216,,,,,,thomaspublishing.com,TRUE,,,,1,No,
376,Airvana,Brian Dickson,bdickson@airvananet.com,(978) 250-3000,,,,,,airvana.com,TRUE,,,sukumar,1,No,
377,Health Informations Designs,Mark Campbell,,334-321-0186,,,,,,hidesigns.com,TRUE,,,,1,,
378,Grace Kennedy Remittance,Andrea Golding,Andrea.Golding@gkco.com,(876) 929 1331,,,,,,www.gkmsonline.com,TRUE,,,,1,No,R12 Upgrade Only - NO RMS or Hosting
379,MRV Communications,Chris Higgins,CHiggins@mrv.com,,,,,,,mrv.com,TRUE,,,,1,No,
380,Community Health Center,Edward Bianco,biancoe@chc1.com,978-888-1234,,,,,,www.chcl.com,TRUE,,,,1,No,
381,Berkshire Group,Dan Robertson,Dan.Robertson@berkshire-group.com,617-646-2380,One Beacon Street,Suite 1500,Boston,MA,2108,berkshire-group.com,TRUE,,,,1,No,
382,South Shore Mental Health,Shawn Fernandes,sfernand@ssmh.org,(617) 847-1980,,,,,,ssmh.org,TRUE,,,,1,No,
383,OCI Enterprises Solar Power Mission Solar Energy,,,,,,,,,ocienterprises.com,TRUE,,,,1,Partially,This is an interim hosting client and will be transitioned to their hardware when it is installed an
384,South Shore Mental Health Help Desk,,,,,,,,,ssmh.org,TRUE,,,,1,No,This is a sub organization from SSMH to support general user segregation from IT users and associate
385,Bowling Green,John Michael Ellinger,johne@bgsu.edu,,,,,,,bgsu.edu,TRUE,,,,1,Fully,TRI23089
386,Berkshire Group Help Desk,Dan Robertson,Dan.Robertson@berkshire-group.com,617-646-2380,One Beacon Street,Suite 1500,Boston,MA,2108,berkshire-group.com,TRUE,,,,1,No,This is a sub organization from Berkshire to support general user segregation from IT users and asso
387,American Air Filter,,,,,,,,,aafintl.com,TRUE,,SAP,,1,,
388,Catalyst Paper Corporation,,,,,,,,,www.catalystpaper.com,TRUE,,SAP,,1,,
389,Colorado Department of Transportation,,,,,,,,,state.co.us,TRUE,,SAP,,1,,
390,Color Spot Nurseries,,,,,,,,,colorspot.com,TRUE,,SAP,,1,,
391,Dassian,,,,,,,,,www.dassian.com,TRUE,,SAP,,1,,
392,Glaceau,,,,,,,,,glaceau.com,TRUE,,SAP,,1,,
393,Green Mountain Power,,,,,,,,,www.greenmountainpower.com,TRUE,,SAP,,1,,
394,Lifetime Brands,,,,,,,,,www.lifetimebrands.com,TRUE,,SAP,,0,,
395,Logistar,,,,,,,,,www.logistar-dsia.com,TRUE,,SAP,,0,,940130
396,Movilitas,,,,,,,,,movilitas.com,TRUE,,SAP,,1,,
397,Mueller Sports Medicine,,,,,,,,,www.muellersportsmed.com,TRUE,,SAP,,1,,
398,Navman Wireless,,,,,,,,,www.navmanwireless.com,TRUE,,SAP,,1,,
399,RWD Technologies,,,,,,,,,www.rwd.com,TRUE,,SAP,,0,,1088565
400,Seiko Instruments,,,,,,,,,www.seikoinstruments.com,TRUE,,SAP,,1,,
401,Supply Chain Technologies,,,,,,,,,supplychaintech.net,TRUE,,SAP,,1,,
402,Vas Aero,,,,,,,,,www.vas.aero,TRUE,,SAP,,1,,
403,3V Solutions,,,,,,,,,3vsolutions.com,TRUE,,SAP,,1,,
404,City of Nanaimo,,,,,,,,,www.nanaimo.ca,TRUE,,SAP,,0,,949052
405,Consensus,Phillip Poole,phillip.poole@consensuscorp.com,,6341 Boulevard 26 Suite 540,,North Richland Hills,Tx,76180,consensuscorp.com,TRUE,,SAP,,1,,
406,EntryPoint Consulting,,,,,,,,,www.entrypointconsulting.com,TRUE,,SAP,,1,,
407,i3 Electronics,,,,,,,,,i3-t.com,TRUE,,SAP,,1,,
408,Kolbenschmidt,,,,,,,,,us.kspg.com,TRUE,,SAP,,1,,
409,Los Angeles World Airports,,,,,,,,,www.lawa.org,TRUE,,SAP,,0,,
410,Maines Paper and Food Service,,,,,,,,,maines.net,TRUE,,SAP,,1,,
411,Metalcraft of Mayville,,,,,,,,,www.mtlcraft.com,TRUE,,SAP,,1,,
412,OSIsoft,,,,,,,,,www.osisoft.com,TRUE,,SAP,,1,,
413,Peavey Electronics,,,,,,,,,peavey.com,TRUE,,SAP,,1,,
414,Saint Louis Public Schools,,,,,,,,,http://www.slps.org,TRUE,,SAP,,1,,
415,Day and Zimmermann,,,,,,,,,www.dayzim.com,TRUE,,SAP,,1,,
416,Microsemi,,,,,,,,,microsemi.com,TRUE,,SAP,,1,,
417,Aquatech,,,,,,,,,aquatech.com,TRUE,,SAP,,1,,
418,Eppendorf,,,,,,,,,Eppendorf.com,TRUE,,SAP,,1,,
419,Rayonier Advanced Materials,,,,,,,,,rayonieram.com,TRUE,,SAP,,1,,
420,OCI Alabama LLC,Scott Schreiber,SSchreiber@ociperoxygens.com,,,,,,,ociperoxygens.com,TRUE,,,,1,Fully,
421,Welchs,Karen Kowalik,kkowalik@welchs.com,,,,,,,welchs.com,TRUE,,,,1,No,
422,Gulf Oil LP,,,,100 Crossing Blvd,"Framingham, MA 01702",,,,gulfoil.com,TRUE,,,,1,Fully,
423,SCT Software,David Henig,dhenig@sctsoftware.com,732-282-1000 x101,,,Atlanta,GA,,sctsoftware.com,TRUE,,,,1,No,Initial Project began 10-Dec-15 for help desk
424,Yushin,,,,,,Cranston,RI,2920,yushin.com,TRUE,,,,1,No,
425,Harvard Pilgrim Healthcare,,,,,,,,,harvardpilgrim.org,TRUE,,,,1,No,
426,American Seafood Group,,,,,,,,,americanseafoods.com,TRUE,,,,1,No,SAP Basis
427,Kwik Trip,,,,,,,,,kwiktrip.com,TRUE,,,,1,No,SAP Basis
428,Aspen Technology Inc,Paul DeLuca,Paul.DeLuca@aspentech.com,781 221 6826,,,,,,aspentech.com,TRUE,,,,1,Partially,
429,Gulf Oil LP Help Desk,,,,100 Crossing Blvd,"Framingham, MA 01702",,,,gulfoil.com,TRUE,,,,1,Fully,This is a sub organization from Gulf Oil to support general user segregation from IT users and assoc
430,Gryphon Networks Corp,,,,,,Boston,MA,,gryphonnetworks.com,TRUE,,,,1,Fully,
432,HDI Solutions,David Philpott,david.philpott@hdisolutions.com,334-466-3089,1550 Pumphrey Avenue,,Auburn,AL,36832,www.hdisolutions.com,TRUE,,,,1,Fully,
433,Life Care Services,Marc Gaber,gabermarc@lcsnet.com,515-875-4576,400 Locust Street,Suite 820,Des Moines,IA,50309,lcsnet.com,TRUE,,,,1,Fully,
434,Rochester Electronics,,,,,,,,,rocelec.com,TRUE,,,,0,No,
435,Brewster Home Fashions,,,,,,,,,brewp.com,TRUE,,,,1,No,
436,Mason Companies Inc.,Peter Misurek,pmisurek@masoncompaniesinc.com,715-723-1871,,,,,,masoncompaniesinc.com,TRUE,,,,1,No,765605
437,Incyte Corporation,Steve Lerner,slerner@incyte.com,855-446-2983,1801 Augustine Cut-off,,Wilmington,DE,19803,incyte.com,TRUE,,,,1,Partially,
438,Frisbie Memorial Hospital,,,,,,,,,FMHospital.com,TRUE,,,,1,No,
439,TripAdvisor,Daniel Rashba,drashba@tripadvisor.com,,,,,,,https://www.tripadvisor.com/,TRUE,,,,1,No,
440,Docupace Technologies,Maksym Gryevtsov,maksymg@docupace.com,424-901-0638,,,,,,www.docupace.com,TRUE,,,,1,No,
441,Endeavor Robotics,David Fullerton,dfullerton@endeavorrobotics.com,,,,,,,http://endeavorrobotics.com/,TRUE,,,,1,Partially,
442,Iverify,,,,,,,,,iverify.net,TRUE,,,,1,Fully,
443,Ateeco Inc,,,,,,,,,http://www.pierogies.com,TRUE,,,,1,,
444,Banks Holdings Limited,,,,,,,,,http://www.thebhlgroup.com,TRUE,,,,1,,
445,Butler Supply,,,,,,,,,https://www.butlersupply.com,TRUE,,,,1,,
446,BWAY Corporation,,,,,,,,,http://www.bwaycorp.com,TRUE,,,,1,,
447,Customer Contact Services,,,,,,,,,yourccsteam.com,TRUE,,,,0,,
448,Checkview,,,,,,,,,http://www.checkview.com,TRUE,,,,1,,
450,Dominion Resources Services Inc,,,,,,,,,http://www.dom.com,TRUE,,,,1,,
451,Dorman Products Enterprise,,,,,,,,,http://www.dormanproducts.com,TRUE,,,,1,,
452,DuPont Teijin Films UK Ltd,,,,,,,,,http://www.usa.dupont.com,TRUE,,,,1,,
453,Dyno Nobel,,,,,,,,,http://www.am.dynonobel.com,TRUE,,,,1,,
454,Harman,,,,,,,,,http://www.harman.com,TRUE,,,,1,,
456,Moksha8,,,,,,,,,http://www.moksha8.com,TRUE,,,,1,,
457,MPNA FTI North America,,,,,,,,,http://www.meetingpointnorthamerica.com,TRUE,,,,1,,
459,Natural Organics Inc,,,,,,,,,http://www.naturesplus.com,TRUE,,,,1,,
460,OraSure Technologies,,,,,,,,,http://www.orasure.com,TRUE,,,,1,,
461,Penco Products Inc,,,,,,,,,http://www.pencoproducts.com,TRUE,,,,1,,
462,Columbia University Medical Center,David Blatt,djb2188@cumc.columbia.edu,,,,,,,cumc.columbia.edu,TRUE,,,,1,No,
463,Eaton,,,,,,,,,http://www.eaton.com,TRUE,,,,1,,
464,Clear Process Solutions,,,,,,,,,http://www.clearprocesssolutions.com/,TRUE,,,,1,,
465,Winshuttle,,,,,,,,,http://www.winshuttle.com,TRUE,,,,1,,
466,Life Is Good,,,,,,,,,http://www.lifeisgood.com/,TRUE,,,,1,,
467,Cambridge Isotope Laboratories,,,,,,,,,www.isotope.com,TRUE,,,,1,,
468,Raleigh-Durham Airport Authority,,,,,,,,,www.rdu.com,TRUE,,,asundaram,1,Partially,
469,Seaman Corporation,,,,,,,,,www.seamancorp.com,TRUE,,,,1,,
470,UHY Advisors,,,(713) 960-1706,,,,,,http://www.uhy-us.com/,TRUE,,,,1,,828744
471,Popeyes Louisiana Kitchen,John Lukas,John.Lukas@Popeyes.com,404.459.4450 400,"400 Perimeter Center Terrace Atlanta, GA 30346",,,,,http://www.popeyes.com,TRUE,,,,0,,"828,888,985,608"
472,Adhesives Research,George Evans,gevans@arglobal.com,717.235.7979 X 3301,"400 Seaks Run Road, Glen Rock, PA 17327",,,,,www.adhesivesresearch.com,TRUE,,,,1,,835110
473,Endeavor Robotics Help Desk,,,,,,,,,www.endeavorrobotics.com,TRUE,,,,1,,
474,Freight Handlers Inc,Suzanne Judy,Suzanne.judy@fhiworks.com,,310 North Judd Parkway NE,"Faquay-Varina, NC 27526",,,,http://fhiworks.com/,TRUE,,,,1,,848588
475,Liqui-Box,Dale Hanshaw,dhanshaw@liquibox.com,614-543-8601,"480 Schrock Rd, Unit G Worthington, OH 43229",,,,,http://www.liquibox.com/,TRUE,,,asundaram,1,,849887
476,Century Aluminium,Micheal Morris,Micheal.morris@centuryaluminum.com,312.696.3101,"One South Wacker Drive, Suite 1000, Chicago, IL 60",,,,,http://centuryaluminum.com/,TRUE,,,,1,,851014
477,ABIM,,,,,,,,,www.abim.org,TRUE,,,,1,,
478,Aeris,,,,,,,,,www.aeris.net,TRUE,,,,1,,
479,Akron Beacon Journal,,,,,,,,,www.thebeaconjournal.com,TRUE,,,,1,,
480,Aravo,,,,,,,,,www.aravo.com,TRUE,,,,1,,
481,Ascent,,,,,,,,,www.ascent.com,TRUE,,,,1,,
482,Autodesk,,,,,,,,,www.autodesk.com,TRUE,,,,1,,
483,BullsEye,,,,,,,,,www.bullseyetelecom.com,TRUE,,,,1,,
484,Catbird,,,,,,,,,www.catbird.com,TRUE,,,,0,,
485,Cirrus Aircraft,,,,,,,,,www.cirrusaircraft.com,TRUE,,,,1,,
486,Codexis,,,,,,,,,www.codexis.com,TRUE,,,,1,,
488,Dicerna,,,,,,,,,www.dicerna.com,TRUE,,,,1,,
489,Doc-tor.com,,,,,,,,,www.doc-tor.com,TRUE,,,,1,,
490,Distribution Publications Inc,,,,,,,,,www.dpiusa.com,TRUE,,,,1,,
491,ETM Electromatic,,,,,,,,,www.etm-inc.com,TRUE,,,,1,,
492,Everbridge,,,,,,,,,www.everbridge.com,TRUE,,,,1,,
493,Factset,,,,,,,,,www.factset.com,TRUE,,,,1,,
494,Glovis Alabama,,,,,,,,,www.glovisala.com,TRUE,,,,1,,
495,Grand Junction,,,,,,,,,www.grandjunctioninc.com,TRUE,,,,1,,
496,Hargray,,,,,,,,,www.htc.hargray.com,TRUE,,,,1,,
497,IndustrySafe,,,,,,,,,www.industrysafe.com,TRUE,,,,1,,
498,InkFrog,,,,,,,,,www.inkfrog.com,TRUE,,,,1,,
499,Wunderman,,,,,,,,,www.KBMG.COM,TRUE,,,,1,,
500,Keystone Electronics,,,,,,,,,www.keyelco.com,TRUE,,,,1,,
501,LION,,,,,,,,,www.lionmts.com,TRUE,,,,1,,
502,Liquid Medium,,,,,,,,,www.cdicorp.com,TRUE,,,,1,,
503,Logic One Communications,,,,,,,,,www.logic.bm,TRUE,,,,1,,
504,MCH Strategic Data,,,,,,,,,www.mchdata.com,TRUE,,,,1,,
505,Digital First Media News,,,,,,,,,www.bayareanewsgroup.com,TRUE,,,,1,,
506,Metabolon,,,,,,,,,www.metabolon.com,TRUE,,,,1,,
507,Mortara,,,,,,,,,www.mortara.com,TRUE,,,,1,,
508,Noosh,,,,,,,,,www.noosh.com,TRUE,,,,1,,
509,Operating Engineers Funds Inc,,,,,,,,,www.oefi.org,TRUE,,,,1,,
510,OFS Brands,,,,,,,,,www.ofsbrands.com,TRUE,,,,1,,
511,Pan-O-Gold,,,,,,,,,www.panogold.com,TRUE,,,,0,,971904
512,PartyLIte,,,,,,,,,www.partylite.com,TRUE,,,,1,,
513,PHI,,,,,,,,,www.phihelico.com,TRUE,,,,0,,
514,Philadelphia Insurance,,,,,,,,,www.tmnas.com,TRUE,,,,1,,
515,Pixar,,,,,,,,,www.pixar.com,TRUE,,,,1,,
516,Playboy,,,,,,,,,www.playboyplus.com,TRUE,,,,1,,
517,ResCap Liquidating Trust,,,,,,,,,www.rescapestate.com,TRUE,,,,1,,
518,Scantron,,,,,,,,,www.scantron.com,TRUE,,,,1,,
519,Scrapware,,,,,,,,,www.scrapware.com,TRUE,,,,1,,
520,SDN Communications,,,,,,,,,www.sdncommunications.com,TRUE,,,,1,,
521,Sephora,,,,,,,,,www.sephora.com,TRUE,,,,1,,
522,Solis Law,,,,,,,,,www.manuelsolis.com,TRUE,,,,1,,
523,SV Probe,,,,,,,,,www.svprobe.com,TRUE,,,,1,,
524,BioClinica,,,,,,,,,www.bioclinica.com,TRUE,,,,1,,
525,Xtime,,,,,,,,,www.xtime.com,TRUE,,,,1,,
526,YBP GOBI Library Solutions,,,,,,,,,gobi.ebsco.com,TRUE,,,,1,,
527,Realogy ZapLabs,,,,,,,,,www.zaplabs.com,TRUE,,,,1,,
528,Stratix Corporation,Chris Kotoski,,678-992-7743,4920 Avalon Ridge Parkway,,Norcross,GA,30071,www.stratixcorp.com,TRUE,,,,1,,
529,WH Administrators,Gil Veney,gveney@whadminstrators.com,301-703-9699,2 Bethesda Metro Center,,Bethesda,MD,20814,www.whadministrators.com,TRUE,,,,0,,"867,039,990,464"
530,Pferd,,,(262) 255-3200,9201 W Heather Ave Milwaukee,WI 53224,,,,http://www.pferdusa.com/,TRUE,,,,1,,878457
531,Global Blood Therapeutics,Mr. Paul Turner,pturner@globalbloodtx.com,800-776-6373,"400 East Jamie Court, Suite 901",,South San Francisco,CA,94080,http://www.globalbloodtx.com/,TRUE,,,,1,,877843
532,Smiths Microwave,Gregg Prescott,gregg.prescott@tppgs.com,617.823.1491,,,,,,https://www.smithsinterconnect.com/,TRUE,,,,1,,877841
533,Paychex,,,,,,,,,www.paychex.com,TRUE,,,,1,,881981
534,Yanmar,Peter Hirschel,Managing Director,,Kraftwerkstrasse 4 74564 Crailsheim,,,,,https://www.yanmar.com,TRUE,,,,1,,884880
535,Ultra Electronics,,,,115 Bay State Drive,,Braintree,MA,2184,http://www.ultra-os.com,TRUE,,,,1,,887684
536,Real Industry Inc,Gaylord Seeman,Gaylord.Seemann@realalloy.com,,,,Cleveland,OH,,realalloy.com,TRUE,,,ajbajpai,1,Fully,
537,InsureZone,"John Pergande, CEO",jpergande@insurezone.com,817-704-2240,,,,,,www.insurezone.com,TRUE,,,,1,,897518
538,Gryphon Networks Help Desk,,,,,,,,,gryphonnetworks.com,TRUE,,,,1,,900741 901857
539,Yamana Gold Inc,,,,,,,,,http://www.yamana.com,TRUE,,,,1,,909945
540,Davita,,,,,,,,,davita.com,TRUE,,,,1,,
541,Appriss,Tom Beard,tbeard@apprisshealth.com,334-704-3973,,,,,,www.appriss.com,TRUE,,,,1,Fully,
542,Deere-Hitachi,,,,"1000,Deere-Hitachi Road, KernersVille, NC, USA",,KernersVille,NC,27284,www.dhkernersville.com,TRUE,,,,1,,929341
543,Interval ILG Inc.,,,,"6262, Sunset Drive, Miami, FLA, Hugo Condo",,,,,www.intervalworld.com,TRUE,,,,1,,934282
544,CSS Impact,,,,,,,,,cssimpact.com,TRUE,,,,1,,
545,PSA Airlines,JC Bertolini,,,,,,,,http://www.psaairlines.com/,TRUE,,,,1,,951741
546,Garden of Life,David Carlson,DCarlson@Forsythe.com,847.600.4114,7770 Frontage Rd.,,Skokie,IL,60077,https://www.gardenoflife.com,TRUE,,,,1,,"TRI25329, 959145"
547,Monarch Cement,Tony Kasten,tony.kasten@monarchcement.com,620-473-2222 (EXT. 159),449 1200th St.,,Humboldt,KS,66748,http://www.monarchcement.com/,TRUE,,,,1,,"959158, TRI25526"
548,Market Track,Brian Stratman,bstratman@markettrack.com,,"312.386.5744 233 S. Wacker Drive, Suite 2105",,"Chicago,",IL,60606,http://www.markettrack.com,TRUE,,,,1,,994284
549,Cascade Pacific Pulp LLC,Bruce Brown,broce.brown@igic.com,,,,,,,http://www.cascadepulp.com,TRUE,,,,1,,"994604, 994599"
550,Zoom Systems,"Matthew Glerum, President & CEO",,,"255 California Street, Suite 200",,San Francisco,CA,94111,http://www.zoomsystems.com/,TRUE,,,,1,,1012345
551,Hope Global,tferrucci@hopeglobal.com,,401-333-8990 x844,"Hope Global, 50 Main Street",,Cumberland,RI,2864,http://www.hopeglobal.com/,TRUE,,,,1,,1028433
552,UAW Retiree Medical Benefits Trust,,,,,,,,,http://www.uawtrust.org/,TRUE,,,,1,,1032704
553,Coinstar,,,,,,,,,https://www.coinstar.com/,TRUE,,,,1,,TRI25769 - 1033859
554,Exact Cloud Development,,,,,,,,,www.exact.com,TRUE,,,,1,,1059563 - TRI25946
555,Community Reach Center,,,,,,,,,https://www.communityreachcenter.org,TRUE,,,,1,,1066599
556,Medecision,,,,,,,,,https://www.medecision.com/,TRUE,,,,1,,1068435
557,J Crew,,,,,,,,,https://www.jcrew.com,TRUE,,,,1,,"1076263, SF3655858"
558,Coveris,Bob Border,Chief Information Officer,,8600 W. Bryn Mawr Avenue Suite 800N,,Chicago,IL,60631,http://www.coveris.com/,TRUE,,,,1,,1082119
559,Philips Color Kinetics,Rob Lawrence,rob.lawrence@philips.com,,,,,,,http://www.philips.com,TRUE,,,,1,,1085088 - SF3746124
560,Hallmark Financial,Tarek Timol,ttimol@hallmarkgrp.com,,"777 Main Street, Suite 1000",,Fort Worth,TX,76102,http://www.hallmarkgrp.com/,TRUE,,,,1,,1088838
561,Trading Point,,,,,,,,,https://www.trading-point.com/,TRUE,,,,1,,1090297
562,Shark Ninja,,,,,,,,,https://www.sharkninja.com/,TRUE,,,,1,,"1111527, TRI25652"
563,Imagine Communications,,,,,,,,,www.imaginecommunications.com,TRUE,,,,1,,1116519
564,ReachLocal,,,,,,,,,https://www.reachlocal.com/,TRUE,,,sukumar,1,,1114224
565,MetOcean,,,,,,,,,https://www.metocean.com/,TRUE,,,,1,,1119926
566,Elad Group,,,,,,,,,www.eladgroup.com,TRUE,,,,1,,1121961